"['1.70×10−3', '1.1 · 10−4']    ","['0.0017', '0.00011']    "
1.70×10−3                      ,0.0017                   
1.1 · 10−4                     ,0.00011                  
Ca_TP=9.0                      ,9.0                      
Ca_c =7.0                      ,7.0                      
Ca_d= 2.28                     ,2.28                     
"['0.03-0.2', '0.001 < _Ca_ TP < 0.05'] ","['0.115', '0.0255'] "
0.025 to 3                     ,1.5125                   
Ca > 0.001                     ,0.001                    
≥0.01                          ,0.01                     
Ca < 0.001                     ,0.0005                   
≤0.01                          ,0.005                    
"['0.003', '0.023']             ","['0.003', '0.023']       "
'lower than 0.012'  ,0.006                      
"['0.0012', '0.0052']","[0.0012, 0.0052]           "
'8.84 × 10−4'       ,0.000884                   
'8.84 × 10−4'       ,0.000884                   
'below 0.01'        ,0.005                      
'< 0.01'            ,0.005                      
'5'                 ,5                          
'CaC'          ,'N/A'                       
'0.01'         ,0.01                        
'increases'    ,'N/A'                       
'CaC'          ,'N/A'                       
high                ,N/A                        
high                ,N/A                        
higher value        ,N/A                         
Yamamoto and Ogata 2013 ,N/A 
Wehking et al. 2014 ,N/A 
Ca ,N/A 
'10−4 to 10−2' ,0.00055 
'ηνγ −1' ,'N/A' 
'Calculated formula: Ca = ηvγ−1' ,'N/A' 
"['0.05', '0.3'] ","[0.05, 0.3] "
Oh                  ,N/A                        
Ca                  ,N/A                        
_Ca_                ,N/A                        
Ca = μc * U / σ     ,N/A                        
0.096               ,0.096                      
relatively small    ,N/A                        
0.032               ,0.032                      
0.048               ,0.048                      
high                ,N/A                        
0.096               ,0.096                      
small               ,N/A                        
'-' ,'N/A' 
'lower' ,'N/A' 
'0.01 to 1.32' ,0.665 
"['0.01', '0.1', '0.5', '0.1 to 0.7'] ","[0.01, 0.1, 0.5, 0.4] "
"['0.01', '1.32'] ","[0.01, 1.32] "
'higher' ,'N/A' 
"['0.05', '0.3'] ","[0.05, 0.3] "
Oh                  ,N/A                        
Cac                 ,N/A                        
increased           ,N/A                        
not changing        ,N/A                         
high                ,N/A                         
"capillary number determined the location of droplet breakup, compared against a critical value ",N/A 
'Ca'                ,'N/A'                      
'Ca = 0.048'        ,0.048                      
'Ca = 0.006'        ,0.006                       
"['0.008', '0.025'] ","['0.008', '0.025']          "
'0.01'           ,'0.01'                        
'0.01'            ,'0.01'                        
'0.01'            ,'0.01'                        
"['0.014', '0.018'] ","['0.014', '0.018']           "
'0.014'           ,'0.014'                       
'0.018'           ,'0.018'                       
'0.018'           ,'0.018'                       
'0.022'           ,'0.022'                       
'0.025'           ,'0.025'                       
'0.025'           ,'0.025'                       
'0.025'           ,'0.025'                       
"['0.01', '0.025'] ","['0.01', '0.025']            "
'<0.01' ,0.005 
'0.01' ,0.01 
uμc/γ               ,N/A                        
Ca                  ,N/A                        
'0.00417'           ,0.00417                    
'0.00417'           ,0.00417                    
'0.00417'           ,0.00417                    
'0.00417'           ,0.00417                    
'0.000695'          ,0.000695                   
'0.00417'           ,0.00417                    
'low values'        ,'N/A'                      
'0.00417'           ,0.00417                    
'0.01'              ,0.01                       
'small'             ,'N/A'                      
"['0.001', '0.01']   ","[0.001, 0.01]              "
0.00417             ,0.00417                    
0.02 to 0.91        ,0.465                      
Ca=μcδ′/σ           ,N/A                        
"['O(10−2)', 'O(10−1)', '0.4'] ","[0.01, 0.1, 0.4] "
Ca                  ,N/A                        
critical            ,N/A                        
_Ca_                ,N/A                        
Cac                 ,N/A                        
critical capillary number for coalescence ,N/A 
decreases ,N/A 
_Ca_ ,N/A 
Cac=0.004η-0.518 ,N/A 
"['0.002', '0.3']    ","[0.002, 0.3]               "
'high'              ,'N/A'                      
'0.57'              ,0.57                       
'capillary number _Ca_' ,'N/A'                  
'0.05'              ,0.05                       
Capillary number (Ca = uμ / σ) ,N/A 
['0.01 to 0.11'] ,[0.06] 
"['0.24', '0.97', '0.26'] ","[0.24, 0.97, 0.26] "
0.0143              ,0.0143                      
high                ,N/A                         
"['https://aiche.onlinelibrary.wiley.com/cms/asset/95bc8177-e213-472b-ad3f-449abdde5d76/aic15043-math-0015.png', 'https://aiche.onlinelibrary.wiley.com/cms/asset/b6e10619-f75b-4f0d-8cde-044e5cfdf5a1/aic15043-math-0016.png'] ","['N/A', 'N/A'] "
'0.002 to 0.06' ,0.031 
'low/high' ,'N/A' 
'increases' ,'N/A' 
"['0.002', '0.005', '0.004', '0.007'] ","[0.002, 0.005, 0.004, 0.007] "
"['0.010', '0.020', '0.030', '0.061', '0.019', '0.036', '0.041', '0.051'] ","[0.010, 0.020, 0.030, 0.061, 0.019, 0.036, 0.041, 0.051] "
'critical' ,'N/A' 
'0.01' ,0.01 
small               ,N/A                        
characterized by capillary number ,N/A 
decreasing capillary number enhances coalescence ,N/A 
Ca ,N/A 
small ,N/A 
"['0.0036', '0.047'] ","['0.0036', '0.047'] "
0.05 to 0.064 ,0.057 
"low, moderate, large ",N/A 
decreases sharply   ,N/A                        
'Ca' ,'N/A' 
"'low _Ca_, above ~0.01, further increase in _Ca_' ",0.01 
'low' ,'N/A' 
'0.0018' ,0.0018 
'0.0018' ,0.0018 
'0.0018' ,0.0018 
"['0.002', '0.003']         ","[0.002, 0.003]    "
'10−2' ,0.01 
'Ca = µcU/σ' ,'N/A' 
"'Cac ≈ 0.02, Cac = 0.022, Cac ≈ 0.05 to 0.064' ","[0.02, 0.022, 0.057] "
Ca ≡ µcU/σ         ,N/A                        
"list [smaller than 0.02, larger than 0.02] ","[0.01, 0.02] "
"['higher', 'lower', 'lowest'] ",N/A 
"['small', 'large']  ",N/A                         
<10^-5              ,0.000005                    
small               ,N/A                         
low                 ,N/A                        
<10^-5              ,0.000005                   
'Ca'                ,'N/A'                      
"['3.9 × 10−5', '1.9 × 10−4'] ","[0.000039, 0.00019] "
'3.9 × 10−5–1.2 × 10−3' ,0.000615 
'> 0.05'            ,0.05                       
"['3.9 × 10−5', '1.9 × 10−4'] ","[0.000039, 0.00019] "
"['7.7 × 10−4', '4.3 × 10−3'] ","[0.00077, 0.0043] "
"['4.6 × 10−3', '2.6 × 10−2'] ","[0.0046, 0.026] "
"['0.01', '0.02'] ","[0.01, 0.02] "
'0.005' ,0.005 
'Ca =μvc/γ' ,'N/A' 
"['0.002', '0.1'] ","[0.002, 0.1] "
['different viscosities of silicone oil'] ,['N/A'] 
'≤ 0.1' ,0.05 
'≤ 0.1' ,0.05 
'≤0.1' ,0.05 
"['0.002', '0.01', '0.1'] ","[0.002, 0.01, 0.1] "
≤ 0.1               ,0.05                        
0.48 ,0.48 
0.11 η −0.07 l s−2.23 l d0.16 ,N/A 
capillary number affects drainage rate and droplet coalescence; relation with viscosity ratio can be expressed by a power-law equation ,N/A 
critical capillary number ,N/A 
0.05                ,0.05                       
high                ,N/A                        
increase            ,N/A                        
reported            ,N/A                        
1                   ,1                          
provided            ,N/A                        
increase            ,N/A                        
high (approx. 0.01) ,0.01                       
low and medium      ,N/A                        
Ca                  ,N/A                        
0.01                ,0.01                       
_Ca_ W              ,N/A                        
"'low, moderate, high' ",'N/A' 
'μ_L U_S_L / σ' ,'N/A' 
'10− 3 to 10− 2' ,0.0005 
'several' ,'N/A' 
"['1.5 ⋅ 10− 3', '11.8 ⋅ 10− 3'] ","[0.0015, 0.0118] "
"['13.3 ⋅ 10−3', '8.8 ⋅ 10−3'] ","[0.0133, 0.0088] "
"['7.4 ⋅ 10− 3', '8.8 ⋅ 10− 3', '10.3 ⋅ 10− 3'] ","[0.0074, 0.0088, 0.0103] "
"['11.8 ⋅ 10− 3', '20.6 ⋅ 10− 3'] ","[0.0118, 0.0206] "
'≤ 0.0074' ,0.0037 
'several' ,'N/A' 
['Increases bubble generation frequency'] ,'N/A' 
'increases' ,'N/A' 
"['4.4 ⋅ 10−3', '5.9 ⋅ 10−3'] ","[0.0044, 0.0059] "
"['4.4 - 5.9 ⋅ 10− 3', '2 ⋅ 10^{-3}', '3 ⋅ 10^{-3}', '5.8 ⋅ 10^{-3}', '1.5 ⋅ 10^{-2}', '7 ⋅ 10^{-2}'] ","[0.00515, 0.002, 0.003, 0.0058, 0.015, 0.07] "
'2.9 ⋅ 10−3' ,0.0029 
'7.4 ⋅ 10− 3' ,0.0074 
'0.0029' ,0.0029 
'7.4 ⋅ 10−3' ,0.0074 
'7.4 ⋅ 10− 3' ,0.0074 
'5.9 ⋅ 10−3' ,0.0059 
"['11.8 * 10^-3 (TJ-A)', '7.4 * 10^-3 (TJ-B)'] ","[0.0118, 0.0074] "
['increased'] ,'N/A' 
several             ,N/A                         
10.3 ⋅ 10− 3       ,0.0103                      
7.4 ⋅ 10− 3        ,0.0074                      
increases           ,N/A                         
Ca                  ,N/A                        
>0.001              ,0.001                      
0.001               ,0.001                      
increases           ,N/A                         
increases           ,N/A                        
Multiple values     ,N/A                         
10^-4 to 0.3        ,0.15005                     
"['0.01', '0.3']     ","[0.01, 0.3]                 "
Cac                 ,N/A                         
0.01 to 0.75        ,0.38                        
10^-4 < Ca_c < 0.002,0.00105                     
0.002 < Ca_c < 0.01 ,0.006                       
Cac                 ,N/A                         
'based on average velocity (uc)' ,'N/A' 
< 0.01              ,0.005                      
'2 × 10−4 < CaC < 1 × 10−1' ,0.0502 
'10−3 < Cac < 10−2' ,0.0055 
'Cac' ,'N/A' 
"['2 × 10−4', '1 × 10−1'] ","[0.0002, 0.1] "
'3 × 10−5 < Cad < 6 × 10−4' ,0.000335 
'Cad' ,'N/A' 
"['3 × 10−5', '6 × 10−4'] ","[0.00003, 0.0006] "
0.007               ,0.007                       
'0.0017' ,0.0017 
'0.0017' ,0.0017 
'0.00362' ,0.00362 
'0.0031' ,0.0031 
'0.0035' ,0.0035 
'0.0035' ,0.0035 
'0.0015' ,0.0015 
'small Ca number' ,'N/A' 
Ca                  ,N/A                        
μ_C Q_C / σ A      ,N/A                         
0.1 < Ca < 0.3      ,0.2                         
'0.016'             ,0.016                       
'Ca=uμc/γ' ,'N/A' 
'10^-3 to 1' ,0.5005 
'shifted distribution region with critical Ca turning to 0.1' ,0.1 
'_C_ a' ,'N/A' 
"'larger, critical' ",'N/A' 
'C_a' ,'N/A' 
'_C_ a' ,'N/A' 
"'varies, can be ten times higher based on viscosity' ",'N/A' 
'_C_ a' ,'N/A' 
'not enough alone to correlate droplet size in dripping' ,'N/A' 
0.001~0.005         ,0.003                      
'>0.1' ,0.1 
'μcUcγ' ,'N/A' 
'0.0134' ,0.0134 
'0.0134' ,0.0134 
'0.0134' ,0.0134 
'0.0134' ,0.0134 
'0.0134' ,0.0134 
'0.0268' ,0.0268 
'0.0268' ,0.0268 
'0.0268' ,0.0268 
'0.0268' ,0.0268 
'0.0268' ,0.0268 
'0.0039' ,0.0039 
'0.0039' ,0.0039 
'0.0268' ,0.0268 
"['0.0351', '0.0351'] ","[0.0351, 0.0351] "
'0.0351' ,0.0351 
'0.0351' ,0.0351 
'0.0351' ,0.0351 
"['0.0039', '0.0156'] ","[0.0039, 0.0156] "
"['0.000974', '0.0156'] ","[0.000974, 0.0156] "
"['0.0039', '0.0156'] ","[0.0039, 0.0156] "
'0.0268' ,0.0268 
'0.0268' ,0.0268 
'0.0039' ,0.0039 
"['0.01', '0.02'] ","[0.01, 0.02] "
'O(10–2)< Ca <O(1)' ,0.1 
'0.01' ,0.01 
"['0.01', '0.02', '0.03'] ","[0.01, 0.02, 0.03] "
"['0.001', '0.002'] ","[0.001, 0.002] "
'Ca <O(10–2)' ,0.005 
capillary number should be larger than a critical value ,N/A 
0.0004 to 0.006 ,0.0032 
0.0017 ,0.0017 
0.0017 ,0.0017 
0.0017 ,0.0017 
703 Ca 1.17( l 0/ w c)1.06 ,N/A 
0.0004< Ca <0.006 ,0.0032 
uμ/σ ,N/A 
Ca ,N/A 
1.88 Ca 0.22( l 0/ w c)0.45 ,N/A                    
Ca                  ,N/A                        
Ca=μcγAQc+Qd        ,N/A                        
Ca                  ,N/A                        
['Ca_c']            ,['N/A']                   
0.001–0.012         ,0.0065                     
"['5.8–48.7', '1.5–12.2'] ","[27.25, 6.85]           "
'0.025' ,0.025 
"'governed by the capillary number, _Ca_' ",'N/A' 
'0.025' ,0.025 
'0.025' ,0.025 
'0.00232' ,0.00232 
'0.025' ,0.025 
'0.025' ,0.025 
'0.025' ,0.025 
'0.025' ,0.025 
'0.025' ,0.025 
'0.025' ,0.025 
'0.025' ,0.025 
'0.025' ,0.025 
"['0.025', '0.04'] ","[0.025, 0.04] "
"['0.025', '0.04'] ","[0.025, 0.04] "
"['0.025', '0.04'] ","[0.025, 0.04] "
"['0.025', '0.04'] ","[0.025, 0.04] "
"['0.025', '0.04'] ","[0.025, 0.04] "
"['0.025', '0.04'] ","[0.025, 0.04] "
"['0.025', '0.04'] ","[0.025, 0.04] "
'0.025' ,0.025 
'0.025' ,0.025 
'0.025' ,0.025 
"['0.025', '0.04'] ","[0.025, 0.04] "
≤0.01               ,0.005                      
0.025               ,0.025                      
"['14.05', '0.634'] ","[14.05, 0.634] "
0.01 to 0.7         ,0.355                      
Cac=uc×μcσ          ,N/A                        
0.01 ≤ Ca ≤ 0.70    ,0.355                      
"['0.007–0.05', '0.005–0.03', '0.05–0.289', '0.01–0.7'] ","['0.0285', '0.0175', '0.1695', '0.355'] "
Ca'                 ,N/A                        
Ca'                 ,N/A                        
Ca                  ,N/A                        
Ca                  ,N/A                        
mCa                 ,N/A                        
"['0.074', '2.4']    ","[0.074, 2.4]               "
Ca                  ,N/A                        
Ca                  ,N/A                        
Ca                  ,N/A                        
"['2.47 × 10−5', '9.87 × 10−5'] ","[0.0000247, 0.0000987] "
>0.015 for dripping ,0.015                      
<0.015              ,0.0075                     
0.01                ,0.01                       
0.01                ,0.01                       
higher Ca           ,N/A                        
<0.015 for squeezing,0.0075                      
'Ca_out = 4η_outQ_out/(γπD2out)' ,'N/A' 
'Ca_out' ,'N/A' 
['increases with increase in capillary number for all the branch channels except for the 0° branch channel'] ,'N/A' 
'increases' ,'N/A' 
"['0.26', '0.30'] ","['0.26', '0.30'] "
increases with increase in capillary number for all the branch channels except for the 0° branch channel ,N/A 
capillary number = 0.26 ,0.26 
capillary number = 0.30 ,0.30 
critical point reached ,N/A 
0.26 ,0.26 
0.30 ,0.30 
μu / σ ,N/A 
Ca ,N/A 
varied ,N/A 
"['0.67', '0.77'] ","[0.67, 0.77] "
varies ,N/A 
0.11 ± 0.01 ,0.11 
mentioned but value not provided ,N/A 
Ca ,N/A 
mentioned but value not provided ,N/A 
0.005               ,0.005                      
0.0026–0.031        ,0.0168                     
increases with flow rate ,N/A                  
0.0079              ,0.0079                     
'> 0.05' ,'0.05' 
'Ca' ,'N/A' 
'< 0.05' ,'0.025' 
'0.02' ,0.02 
'> 0.05' ,0.05 
>0.085              ,0.085                      
-0.18               ,-0.18                      
0.0002              ,0.0002                     
Ca=Ucμcσ            ,N/A                        
increases with capillary number ,N/A 
increases ,N/A 
'Ca' ,'N/A' 
'Ca_i = μQ_i / (Sγ) where S = w_c * w_h' ,'N/A' 
'Ca3' ,'N/A' 
"['Ca3', 'α3Ca3'] ","['N/A', 'N/A'] "
'Ca3' ,'N/A' 
"['Ca3', 'α3Ca3'] ","['N/A', 'N/A'] "
'increases' ,'N/A' 
'Ca 3' ,'N/A' 
"['0.055', '0.066'] ","['0.055', '0.066'] "
['Ca 3'] ,['N/A'] 
"['0.055', '0.066'] ","['0.055', '0.066'] "
'0.03 ≤ Ca 3 ≤ 0.08' ,'0.055' 
"['0.059', '0.050-0.056'] ","['0.059', '0.053'] "
'Ca3' ,'N/A' 
'Ca3' ,'N/A' 
'0.006' ,0.006 
"['8e-4', 0.3] ","[0.0008, 0.3] "
"['0.013', '0.007', '0.021', '0.097'] ","[0.013, 0.007, 0.021, 0.097] "
'0.1' ,0.1 
"['0.007', '0.012'] ","[0.007, 0.012] "
'0.0026' ,0.0026 
'0.007' ,0.007 
"['0.0044', '0.034', '0.0045', '0.035', '0.0073', '0.0075'] ","[0.0044, 0.034, 0.0045, 0.035, 0.0073, 0.0075] "
'increasing' ,'N/A' 
'<1' ,0.5 
'Ca_{\rm{r}}' ,'N/A' 
"['Ca_r', '_Ca_'] ","['N/A', 'N/A'] "
<1                  ,0.5                        
"< 10−2, > 10−2     ","[0.005, 0.01]              "
"['0.0012', '0.0013', '0.0029', '0.0034', '0.0041', '0.0055', '0.0010', '0.0011', '0.0016', '0.0024', '0.0035', '0.0047'] ","[0.0012, 0.0013, 0.0029, 0.0034, 0.0041, 0.0055, 0.0010, 0.0011, 0.0016, 0.0024, 0.0035, 0.0047] "
'range from 0.00102 to 0.00368' ,0.00235 
'Ca (oil)'          ,'N/A'                       
'Ca_aq'             ,'N/A'                       
'0 < Ca < 0.08'     ,0.04                        
'0.08'              ,0.08                        
"'0.004, 0.005, 0.006' ","[0.004, 0.005, 0.006]    "
'moderate to high'  ,'N/A'                       
'0 < Ca < 0.08'     ,0.04                        
'0.08'              ,0.08                        
'moderate to high'  ,'N/A'                       
Ca (aqueous)        ,N/A                        
Ca_oil              ,N/A                        
0 < Ca < 0.004      ,0.002                      
"['0.002', '0.004']  ","[0.002, 0.004]             "
low to moderate     ,N/A                        
0 < Ca < 0.004      ,0.002                      
0.002 to 0.004      ,0.003                      
low to moderate     ,N/A                        
0.05 to 0.22        ,0.135                       
0.2                 ,0.2                         
'0.126'             ,0.126                      
Ca                  ,N/A                         
Ca                  ,N/A                         
0.0028              ,0.0028                      
0.0028              ,0.0028                      
0.001               ,0.001                       
0.001               ,0.001                       
"['0.0028', '0.001', '0.006'] ","['0.0028', '0.001', '0.006'] "
0.0028              ,0.0028                      
0.006               ,0.006                       
Ca                  ,N/A                         
Ca = 0.001          ,0.001                       
0.001               ,0.001                       
0.001               ,0.001                       
0.001               ,0.001                       
0.001               ,0.001                       
low                 ,N/A                         
Ca = 0.001          ,0.001                      
Ca                  ,N/A                         
constant            ,N/A                         
wide range           ,N/A                         
higher              ,N/A                         
0.001               ,0.001                       
range 0.001–0.4    ,0.2005                      
constant            ,N/A                         
constant            ,N/A                         
0.023               ,0.023                       
0.023               ,0.023                       
same                ,N/A                         
<0.01–0.015         ,0.0125                      
constant            ,N/A                         
Ca > 1              ,1                           
critical approximately 0.015 defines transition ,0.015 
0.45 ,0.45 
constant ,N/A 
Ca<0.01             ,0.005                       
≤ 0.001             ,0.0005                      
0.5                 ,0.5                         
Ca                  ,N/A                         
⩽ 10−3              ,0.0005                      
'mentioned' ,'N/A' 
"'> 0.015 for droplets, < 0.01 for slugs, between 0.01 and 0.015 for transition' ","[0.015, 0.005, 0.0125] "
'varies; higher values lead to shorter droplet length in slug flow' ,'N/A' 
'controlled by the flow rate ratio of the two phases and the continuous phase capillary number' ,'N/A' 
mentioned           ,N/A                        
'< 10−3' ,0.0005 
"'0.008–0.002, 0.00013–0.002, 0.00032–0.002' ","[0.005, 0.001065, 0.00116] "
"['0.0001', '0.03'] ","[0.0001, 0.03] "
'constant' ,'N/A' 
'constant' ,'N/A' 
'0.0001 to 0.03' ,0.01505 
'Ca B' ,'N/A' 
'_Ca_' ,'N/A' 
'mentioned with values 0.35 and -0.0076' ,"[0.35, -0.0076] "
'Ca' ,'N/A' 
'0.0001 to 0.03' ,0.01505 
capillary number larger in constant-pressure injection than in constant-volumetric-flow-rate injection ,N/A 
Ca l ,N/A 
mentioned ,N/A 
'0.33' ,0.33 
10−2 ≦ Ca ≦ 10−1               ,0.05                        
"0.01, 0.05                     ","[0.01, 0.05]                "
Ca_c = 0.0032                  ,0.0032                      
0.01-0.1                       ,0.055                       
< 0.1                          ,0.05                        
< 0.1                          ,0.05                        
0.01 ≦ Ca ≦ 0.1               ,0.055                       
'0.05'              ,0.05                        
'Ca_d = 0.01'       ,0.01                        
"['0.06', '0.3'] ","[0.06, 0.3] "
'Ca > 0.1' ,0.1 
"['0.027 < Ca < 0.06', 'Ca > 0.08', 'Ca < 0.027'] ","[0.0435, 0.08, 0.0135] "
'Cac' ,'N/A' 
'Cac' ,'N/A' 
'Cabulk = μcUbulk/σi' ,'N/A' 
'low' ,'N/A' 
'Cabulk' ,'N/A' 
'Cabulk' ,'N/A' 
increasing          ,N/A                        
Cabulk              ,N/A                        
0.0032              ,0.0032                     
"'above 0.1, higher than the critical capillary number Ca ~ 0.015' ","[0.1, 0.015] "
'liquid capillary number' ,'N/A' 
"['0.03', '0.07', '0.21'] ","[0.03, 0.07, 0.21] "
"['0.07', '0.14', '≥ 0.21'] ","[0.07, 0.14, 0.21] "
'high' ,'N/A' 
increased           ,N/A                        
<0.01               ,0.005                      
0.00027 to 0.0071   ,0.003685                   
<10^-2              ,0.005                      
">0.0008 stable, <0.0008 unstable ","[0.0008, 0.0004] "
<0.0008             ,0.0004                     
>0.0008             ,0.0008                     
Ca                  ,N/A                        
">0.0008, <0.0008    ","[0.0008, 0.0004]           "
μu/σ                ,N/A                        
"['>0.0008', '<0.0008'] ","[0.0008, 0.0004]          "
"['0.0016', '0.006'] ","[0.0016, 0.006] "
"['0.0016', '0.006'] ","[0.0016, 0.006] "
"['0.0023', '0.0074'] ","[0.0023, 0.0074] "
'Ca' ,'N/A' 
'0.0023 ⩽CaBlock-I ⩽0.0074' ,0.00485 
"['0.0023', '0.00585'] ","[0.0023, 0.00585] "
'0.00248' ,0.00248 
"['0.00248', '0.00414', '0.00524'] ","[0.00248, 0.00414, 0.00524] "
"'0.00414, 0.00524' ","[0.00414, 0.00524] "
"['0.00248', '0.00176'] ","[0.00248, 0.00176] "
'0.00414' ,0.00414 
"['CaBlock-II', 'CaBlock-III'] ","['N/A', 'N/A'] "
"['0.0023', '0.005', '0.00585', '0.0074'] ","[0.0023, 0.005, 0.00585, 0.0074] "
"['0.0023', '0.0050', '0.00585', '0.0074'] ","[0.0023, 0.0050, 0.00585, 0.0074] "
'> 0.0074' ,0.0074 
'≥0.0050' ,0.0050 
'decrease' ,'N/A' 
'0.0023 ⩽CaBlock-I ⩽0.0074' ,0.00485 
'0.00293' ,0.00293 
"['0.00429', '0.0050', '0.00585'] ","[0.00429, 0.005, 0.00585] "
"['0.0023', '0.005', '0.00585', '0.0074'] ","[0.0023, 0.005, 0.00585, 0.0074] "
"['0.00234', '0.00351', '0.00429', '0.00507', '0.00585', '0.00741'] ","[0.00234, 0.00351, 0.00429, 0.00507, 0.00585, 0.00741] "
Ca                  ,N/A                        
Ca=μvmaxσ           ,N/A                        
<10^-2              ,0.005                      
"['0.033', '0.016', '0.065', '0.16', '0.016', '0.016', '0.016'] ","['0.033', '0.016', '0.065', '0.16', '0.016', '0.016', '0.016'] "
Ca ,N/A 
0.01 ,0.01 
lower for water/hexane system ,N/A 
0.0005 to 0.0014 ,0.00095 
variations of dimensionless slug size ,N/A 
higher for dextran than water ,N/A 
"['decreases with increasing slug size', 'increases with lower interfacial tension'] ","['N/A', 'N/A'] "
Ca                  ,N/A                         
"['0.8', '1.0', '1.2'] ","[0.8, 1.0, 1.2] "
Ca                  ,N/A                         
Ca                  ,N/A                        
"['0.024', '0.105'] ","[0.024, 0.105] "
'_Ca_' ,'N/A' 
'Ca ≪ 1' ,'N/A' 
'0.007' ,0.007 
'low' ,'N/A' 
'low' ,'N/A' 
≤ 0.025 ,0.0125 
0.07 ,0.07 
"['0.001', '0.007', '0.180'] ","[0.001, 0.007, 0.180] "
'0.001 < Ca < 0.180' ,0.0905 
"['0.01 when 500 < Re_TP < 2000', '0.2 < Ca < 1.0 when Re_TP = 20'] ","[0.01, 0.6] "
'9.5 × 10–4 < _Ca_ < 1.90' ,0.9505 
"['0.011', '0.088'] ","[0.011, 0.088] "
'Ca' ,'N/A' 
"['0.001', '0.180'] ","[0.001, 0.180] "
'Ca: Capillary number (μL U TP/σ)' ,'N/A' 
'Ca: Capillary number (μL U TP/σ)' ,'N/A' 
"['Ca L,M < 0.02', 'Ca L,M > 0.02'] ","[0.01, 0.02] "
"['0.001', '0.007', '0.180'] ","[0.001, 0.007, 0.180] "
'depends largely'   ,'N/A'                       
'depends largely' ,'N/A' 
"['Ca_1', 'Ca_2'] ","['N/A', 'N/A'] "
'0.0125' ,0.0125 
"['0.025', '0.00554', '0.014'] ","[0.025, 0.00554, 0.014] "
'<0.00554' ,0.00277 
"['10–3', '10–1', '0.008', '0.001', '0.025'] ","[0.001, 0.1, 0.008, 0.001, 0.025] "
['0.00554 ≤ Ca ≤ 0.025'] ,[0.01527] 
'0.0001 to 0.01' ,0.00505 
'Ca = μL j /σ' ,'N/A' 
'0.000278 < Ca < 0.01' ,0.005139 
'0.00554' ,0.00554 
"['0.00156', '0.00694', '0.00313', '0.01390', '0.00469', '0.02100', '0.00625', '0.02780'] ","[0.00156, 0.00694, 0.00313, 0.01390, 0.00469, 0.02100, 0.00625, 0.02780] "
"['Ca_1', 'Ca_2'] ",'N/A' 
'< 10–3' ,0.0005 
"['0.025', '1.35'] ","[0.025, 1.35] "
'varies along the orifice; highest at inlet' ,'N/A' 
'4.3 x 10^-7' ,0.00000043 
'low' ,'N/A' 
'low' ,'N/A' 
'increases' ,'N/A' 
'high' ,'N/A' 
low                 ,N/A                        
"['0.01', '0.02', '0.1', '0.3'] ","[0.01, 0.02, 0.1, 0.3] "
'Cac' ,'N/A' 
'0.004–0.08' ,0.042 
'0.01' ,0.01 
'0.01' ,0.01 
"['0.02', '0.08'] ","[0.02, 0.08] "
"['0.01', '0.02', '0.06', '0.08'] ","[0.01, 0.02, 0.06, 0.08] "
'0.004 to 0.06' ,0.032 
'0.02 to 0.04' ,0.03 
'0.02' ,0.02 
'0.08' ,0.08 
"['0.01', '0.06', '0.08'] ","[0.01, 0.06, 0.08] "
'0.08' ,0.08 
'0.08' ,0.08 
'<0.06' ,0.03 
'>0.06' ,0.06 
'0.004–0.08' ,0.042 
['different capillary numbers'] ,'N/A' 
"['0.02 to 0.06', '0.06 to 0.08'] ","[0.04, 0.07] "
'0.004 to 0.02' ,0.012 
'>0.06' ,0.06 
"['0.0015', '0.1567']","[0.0015, 0.1567]            "
Ca = µc uc/σ       ,N/A                        
large               ,N/A                        
known range         ,N/A                        
0.1 to 10 mN/m      ,5.05                       
"3.6, 6.5            ","[3.6, 6.5]                 "
low                 ,N/A                        
'ηUσ' ,'N/A' 
"['2.1 × 10-3', '0.12'] ","[0.0021, 0.12] "
"'variable, reflects viscous force compared to surface tension' ",'N/A' 
'Ca' ,'N/A' 
"['2.1 × 10-3', '0.072'] ","[0.0021, 0.072]           "
Ca                  ,N/A                        
"['0.001', '0.1']    ","[0.001, 0.1]               "
'0.0108'            ,0.0108                     
'0.0108'            ,0.0108                     
'0.004'             ,0.004                      
'0.004'             ,0.004                      
'0.00384'           ,0.00384                    
'0.00768'           ,0.00768                    
'0.01152'           ,0.01152                    
'0.00768'           ,0.00768                    
'0.01152'           ,0.01152                    
"['0.01152', '0.00768'] ","[0.01152, 0.00768]     "
"['0.01152', '0.00768'] ","[0.01152, 0.00768]     "
'0.01152'           ,0.01152                    
'0.01152'           ,0.01152                    
"['0.01152', '0.00768'] ","[0.01152, 0.00768]     "
'0.01152'           ,0.01152                    
0.01152             ,0.01152                    
0.00768             ,0.00768                    
Cas                 ,N/A                        
Cas                 ,N/A                        
mentioned           ,N/A                        
Cas                 ,N/A                        
'0.01 to 0.06'                                             ,0.035                      
'decreased with the increase of the capillary number'      ,'N/A'                      
'0.01 to 0.06'                                             ,0.035                      
high                ,N/A                        
extended range in coated channels ,N/A                        
0.8                               ,0.8                        
< 5 × 10−2                        ,0.025                      
"['5 × 10−2', '1 × 10−2']          ","[0.05, 0.01]               "
"['< 5 × 10−2', 'Approximately 1 × 10−2'] ","[0.025, 0.01]             "
high           ,N/A                         
same           ,N/A                         
0.6            ,0.6                         
high ,N/A 
low ,N/A 
same Ca value ,N/A 
"{'range': ['-0.25 to -0.34', '-0.23 to -0.31']} ","[-0.295, -0.27] "
"['increase influences dispersed sizes', '−0.23 to −0.34 index'] ","[N/A, -0.285] "
≤ 0.06         ,0.03                      
Ca             ,N/A                       
Ca                  ,N/A                         
Ca_c           ,7.0                        
0.09           ,0.09                       
'Ca_d' ,'N/A' 
<0.01                   ,0.005                      
"['0.0064', '0.017']     ","[0.0064, 0.017]            "
high                   ,N/A                        
>0.01                   ,0.01                       
<0.01               ,0.005                      
"['Ca ≪ 1', 'Ca ≈ 1'] ","['0.5', '1'] "
"['10^-4 < Ca < 10^-3', 'Ca ≈ 1'] ","['0.00055', '1'] "
<0.01                  ,0.005                      
<0.01                  ,0.005                      
≪ 1                    ,N/A                        
">0.1, <0.1             ",N/A                        
10−4 < Ca < 10−3       ,0.00055                    
Ca                     ,N/A                        
μ⋅uσ                   ,N/A                        
Ca < 0.04              ,0.02                       
'0.00066 to 0.0085' ,0.004575                   
'Ca'                ,'N/A'                      
'Ca'                ,'N/A'                      
'0.02' ,0.02 
'Calculated with variations in Qc' ,'N/A' 
'Ca <= 0.1' ,0.05 
'0.012' ,0.012 
'increase' ,'N/A' 
'0.012' ,0.012 
'increase' ,'N/A' 
0.011          ,0.011           
0.0014              ,0.0014                     
Cac                 ,N/A                         
Ca                  ,N/A                         
'2.30 × 10-4 to 8.73 × 10-2' ,0.04365 
'Ca' ,'N/A' 
0.3                 ,0.3                        
0.01-0.1            ,0.055                      
Low                 ,N/A                        
same                ,N/A                        
'0.05'              ,0.05                       
'Ohw'               ,'N/A'                      
Ohk                 ,N/A                        
<< 1                ,0.5                        
"< 0.05 for dripping, > 0.05 for jetting   ","[0.025, 0.05]               "
"['0.004', '0.02']                         ","[0.004, 0.02]               "
0.03 ≤ Ca ≤ 0.65                          ,0.3425                      
"['<0.002', '0.01 < Ca < 0.3', '>0.3']                                               ","[0.001, 0.155, 0.3]        "
low                                                                                  ,N/A                      
0.002 < Ca < 0.01                                                                   ,0.006                      
"['0.001-0.01', '0.01-0.1']                                                          ","[0.0055, 0.055]            "
must match                                                                           ,N/A                      
Large                                                                                ,N/A                      
"higher in jetting-like regime, low in squeezing and dripping-like regimes           ",N/A                      
Cao=μoUo/σw/o                                                                       ,N/A                      
low                 ,N/A                        
Ca = μw Vw/σw       ,N/A                        
increases           ,N/A                        
0.05 to 0.57        ,0.31                       
0.05 to 0.57        ,0.31                        
'low' ,'N/A' 
'low' ,'N/A' 
'depends on continuous flowrate and the interfacial tension' ,'N/A' 
'critical sum of CaC increases for dripping-to-jetting transition' ,'N/A' 
'present' ,'N/A' 
'Ca_C' ,'N/A' 
'_Ca_ _C_' ,'N/A' 
low                 ,N/A                        
Ca                  ,N/A                        
"['0.001 to 0.008', '0.005 to 0.05'] ","[0.0045, 0.0275] "
"[0.00016, 0.11]     ","[0.00016, 0.11]             "
'increases'         ,'N/A'                       
'0.0063 to 0.11'    ,0.05815                     
'0.019'             ,0.019                       
'0.41 ± 0.03'       ,0.41                        
'Ca_c'              ,'N/A'                       
"['0.016', '0.11']   ","[0.016, 0.11]               "
'0.016 to 0.11'     ,0.063                       
"[2e-05, 0.06] ","[0.00002, 0.06] "
"['low', 'high', 'higher'] ","['N/A', 'N/A', 'N/A'] "
"'Cac,vdG' ",'N/A' 
'between 3×10−4 and 0.2' ,0.10015 
'4×10−4 through 4×10−2' ,0.0202 
'4×10−3 to 0.1' ,0.052 
'Ca c' ,'N/A' 
'Ca c' ,'N/A' 
0.01                ,0.01                       
increases           ,N/A                        
Increase noted      ,N/A                        
0.05                ,0.05                       
Ca                  ,N/A                        
low                 ,N/A                        
low                 ,N/A                         
Increase noted      ,N/A                         
higher              ,N/A                         
'ηu/σ'              ,'N/A'                      
'Ca'                ,'N/A'                      
'5.2 × 10−4'        ,0.00052                     
'fixed'             ,'N/A'                      
"'[0.0013, 0.1655]'  ","[0.0013, 0.1655]            "
'ηu/σ'              ,'N/A'                      
'5.2 × 10−4'        ,0.00052                     
'Ca'                ,'N/A'                      
μLUG+UL/σ           ,N/A                        
Ca                  ,N/A                        
0.0010–0.0073       ,0.00415                    
"OhL,local           ",N/A                        
Cac                 ,N/A                        
_Ca c_              ,N/A                        
'Cad=(Bi+1)kUnde1-nσ' ,'N/A' 
"Ca_c = 0.03, 0.015         ","[0.03, 0.015]     "
Ca             ,N/A             
<0.04          ,0.02            
"['< 0.04', '> 0.04'] ","['0.02', '0.04']  "
far less than 0.01  ,0.005                       
effect recognized on droplet formation time        ,N/A                        
'Defined as the relative importance of viscous forces versus surface tension'                 ,'N/A'     
'low'                                                                                        ,'N/A'     
'0.04 < Ca < 0.2'   ,0.12                       
"['0.01', '0.47']    ","[0.01, 0.47]               "
'0.01 - 0.28'       ,0.145                      
'Ca'                ,'N/A'                      
"['0.42', '0.31']     ","['0.42', '0.31']           "
Ca                   ,N/A                        
'up to 1.2'                               ,1.2                        
'influenced by two-phase flow rate ratio' ,'N/A'                      
'0.01 to 0.04'                            ,0.025                      
'0.01-0.04'                               ,0.025                      
'mentioned but value not specified'       ,'N/A'                      
0.0053         ,0.0053          
Cab            ,N/A             
<0.012         ,0.006           
0.05           ,0.05            
"['0.69', '1.05']       ","['0.69', '1.05'] "
"['0.09', '11.23']      ","['0.09', '11.23'] "
best estimate for butanol system       ,N/A                        
'took into account'  ,'N/A'                    
'Ca'                 ,'N/A'                    
'Ca < 0.04'          ,0.02                      
'Ca < 0.04'          ,0.02                      
_Ca_           ,N/A             
Ca             ,N/A                        
'0.0146'                              ,0.0146                    
'Ca=μcuc/γ'                           ,'N/A'                     
"['0.00146', '0.0146', '0.0292']       ","[0.00146, 0.0146, 0.0292] "
'0.0292'                              ,0.0292                    
"['0.00146', '0.0292']                 ","[0.00146, 0.0292]         "
'0.0146'                              ,0.0146                    
'same'                                ,'N/A'                     
'0.0146'                              ,0.0146                    
'0.0292'                              ,0.0292                    
0.01           ,0.01                       
same           ,N/A                        
0.009 to 0.039     ,0.024                     
0.009              ,0.009                     
0.001-0.022          ,0.0115                    
low            ,N/A             
provided                                                            ,N/A                        
Ca C                                                                ,N/A                        
decreased                                                           ,N/A                        
0.01                                                                ,0.01                       
smaller under jetting flow regime                                   ,N/A                        
low _Ca_ C                                                          ,N/A                        
selected as parameter in models                                     ,N/A                        
\<0.01                                                              ,0.005                      
_Ca_ C                                                              ,N/A                        
low                                                                 ,N/A                        
'0.1-0.5' ,0.3 
0.003               ,0.003                      
important parameter       ,N/A                             
(ηC vC)/γ                                       ,N/A                        
Ca                                              ,N/A                        
"Ca values vary, as shown in Figure [7]          ",N/A                        
"['0.02', '0.15']    ","[0.02, 0.15]               "
0.029               ,0.029                      
0.08                ,0.08                       
"['0.105', '0.115']  ","[0.105, 0.115]             "
0.123               ,0.123                      
relatively low to high ,N/A                    
'0.08'              ,0.08                       
0.002          ,0.002                      
<0.01          ,0.005                      
0.005          ,0.005                      
0.006          ,0.006                      
0.006          ,0.006                      
0.006          ,0.006                      
0.006          ,0.006                      
0.005          ,0.005                      
0.005          ,0.005                      
0.005          ,0.005                      
0.005          ,0.005                      
>0.01               ,0.01                       
Ca<0.01             ,0.005                      
changes investigated ,N/A 
Ca ,N/A 
varies ,N/A 
"['0.089', '0.0163', '0.0054'] ","[0.089, 0.0163, 0.0054] "
0.00054 ,0.00054 
0.00054 ,0.00054 
low ,N/A 
0.00054 ,0.00054 
0.00054 ,0.00054 
0.0054 ,0.0054 
0.0054 ,0.0054 
0.0054 ,0.0054 
0.0054 ,0.0054 
0.00814 ,0.00814 
0.00814 ,0.00814 
0.00814 ,0.00814 
0.005 ,0.005 
0.005 ,0.005 
varies ,N/A 
varies ,N/A 
'Ca_c'                  ,'N/A'           
'Ca'                    ,'N/A'           
'0.0098'                ,0.0098          
'0.006'                 ,0.006           
'0.006'                 ,0.006           
'fixed'                 ,'N/A'           
'0.036'                 ,0.036           
'0.036'                 ,0.036           
'0.036'                 ,0.036           
"['0.006', '0.036']      ","[0.006, 0.036]  "
'constant'              ,'N/A'           
'low to high'           ,'N/A'           
Ca_d ,N/A 
0.006 ,0.006 
0.006 to 0.036 ,0.021 
"['0.006', '0.036'] ","['0.006', '0.036'] "
"['Increases', 'Decreases droplet length', 'Reduces impact of dispersed phase velocity at higher values'] ","['N/A', 'N/A', 'N/A'] "
0.0012         ,0.0012          
"['0.0001', '0.0005', '0.001'] ","['0.0001', '0.0005', '0.001'] "
'below 10–2' ,0.005 
'below 2.6 × 10–4' ,0.00013 
'<0.1' ,0.05 
'Ca' ,'N/A' 
"['(5.0 × 10–4)–(2.6 × 10–3)', '(3.1 × 10–2)–(4.2 × 10–4)', '(1.6 × 10–2)–(4.2 × 10–4)', '(2.6 × 10–3)–(1.6 × 10–2)', '(3.0–2.6) × 10–3', '(5.0 × 10–3)–(4.2 × 10–2)', '(1.0–4.2) × 10–2', '(1.0–3.1) × 10–2'] ","[0.00155, 0.01555, 0.0081, 0.0088, 0.0028, 0.0246, 0.026, 0.0205] "
Ca ,N/A 
(4 × 10–4)–(8.8 × 10–3) ,0.0044 
(1.8–5.3) × 10–2 ,0.035 
(1.8–7.1) × 10–2 ,0.045 
(4 × 10–4)–(8.8 × 10–3) ,0.0044 
(4 × 10–4)–(4.4 × 10–3) ,0.0024 
(2.6 × 10–3)–(6.2 × 10–2) ,0.032 
(3.5–7.1) × 10–2 ,0.053 
(1.8–5.3) × 10–2 ,0.035 
correlated with droplet formation ,N/A 
Ca=γRησ ,N/A 
increasing ,N/A 
"['0.0075', '0.06', '0.12', '0.18', '0.24', '0.3'] ","[0.0075, 0.06, 0.12, 0.18, 0.24, 0.3] "
1.0 ,1.0 
1.0 ,1.0 
0.005 ,0.005 
0.005 ,0.005 
Ca ,N/A 
"['0.0015', '0.015', '0.079'] ","[0.0015, 0.015, 0.079] "
0.006 ,0.006 
0.006 ,0.006 
0.006 ,0.006 
"['0.001', '0.001', '0.1', '0.1', '0.024', '0.024', '0.1', '0.1'] ","[0.001, 0.001, 0.1, 0.1, 0.024, 0.024, 0.1, 0.1] "
0.036 ,0.036 
0.036 ,0.036 
0.036 ,0.036 
0.036 ,0.036 
0.036 ,0.036 
large ,N/A 
0.09 ,0.09 
0.09 ,0.09 
'increasing'        ,'N/A'                      
'0.005'             ,0.005                      
'0.006'             ,0.006                      
'0.036'             ,0.036                      
Ca < 10−2           ,0.005                      
4.0 × 10−4          ,0.0004                     
< 10-2 ,0.005 
Ca ,N/A 
> 4 × 10−4 ,0.0004 
critical Capillary number under investigation ,N/A 
0.01                                                             ,0.01                       
minimum available numerically to neglect spurious currents       ,N/A                        
< 10−2                                                           ,0.005                      
high                                                             ,N/A                        
"['0.055', '0.293', '1.47']                                       ","[0.055, 0.293, 1.47]       "
< 0.01                                                           ,0.005                      
< 0.01                                                           ,0.005                      
'Provided for both compared systems' ,'N/A' 
'10−2' ,'0.01' 
'< 0.01' ,'0.005' 
'≪ 1' ,'N/A' 
'varies (low values ≲ 0.01 in squeezing; high values for dripping and jetting regimes)' ,0.005 
'Defined as Ca=ηcUc/σ' ,'N/A' 
'Ca=ηcUcσ' ,'N/A' 
'0.01' ,0.01 
'0.01' ,0.01 
'0.01' ,0.01 
'0.01' ,0.01 
'low' ,'N/A' 
'small' ,'N/A' 
"['0.004', '0.006', '0.008'] ","[0.004, 0.006, 0.008] "
"['0.004', '0.006', '0.008'] ","[0.004, 0.006, 0.008] "
"['0.004', '0.006', '0.008', '0.01'] ","[0.004, 0.006, 0.008, 0.01] "
"['varied', 'causes squeezing', 'values linearly related to Pmax', 'numerical simulations showed pressure drop across the interface was the same for all cases'] ","['N/A', 'N/A', 'N/A', 'N/A'] "
'Changed by modifying the flow rate' ,'N/A' 
'0.004 to 0.01' ,0.007 
'0.006' ,0.006 
'0.01' ,0.01 
'small' ,'N/A' 
'0.01' ,0.01 
'0.01' ,0.01 
'≲0.01' ,0.005 
"['lower capillary number', 'critical capillary number'] ",'N/A' 
"['0.1', '3×10−5'] ","[0.1, 0.00003] "
'0.1' ,0.1 
'1.8×10−3' ,0.0018 
'0.1' ,0.1 
'0.1' ,0.1 
'0.1' ,0.1 
'0.1' ,0.1 
"['0.015', '0.007', '0.0018'] ","[0.015, 0.007, 0.0018] "
"['0.014', '0.007', '0.0018'] ","[0.014, 0.007, 0.0018] "
"['0.014', '0.007', '0.0018'] ","[0.014, 0.007, 0.0018] "
"['0.014', '0.007', '0.0018'] ","[0.014, 0.007, 0.0018] "
'0.0003' ,0.0003 
"['3×10−4', '3×10−5'] ","[0.0003, 0.00003] "
'0.01' ,0.01 
'varies' ,'N/A' 
'0.014' ,0.014 
'0.014' ,0.014 
'lower' ,'N/A' 
'varies' ,'N/A' 
"'0.01, 0.0018' ","[0.01, 0.0018] "
"['0.01', '0.003', '0.007', '0.0018'] ","[0.01, 0.003, 0.007, 0.0018] "
'0.0018' ,0.0018 
'3×10−5' ,0.00003 
'0.01' ,0.01 
"['0.147', '0.018', '0.014', '0.007', '0.007-0.003', '0.005-0.003', '0.002'] ","[0.147, 0.018, 0.014, 0.007, 0.005, 0.004, 0.002] "
'lower Ca' ,'N/A' 
"'0.1≤Ca≤1.8×10−3, Ca≈0.007, Ca≈0.003, Ca≈3×10−5' ","[0.0009, 0.007, 0.003, 0.00003] "
"['O(10^-4) < Ca_c < O(10^-2)', 'O(10^-3) < Ca_c < O(10^-1)', 'O(10^-2) < Ca_c < O(10^-1)'] ","[0.0005, 0.005, 0.05] "
'0.01' ,0.01 
"['1.0 × 10−3', '0.02'] ","[0.001, 0.02] "
mentioned in Eq. 8 ,N/A 
Ca < 10−2 ,0.005 
< 10−2 ,0.005 
< 10−2 ,0.005 
10^-3 ,0.001 
Cac ,N/A 
< 10−2 ,0.005 
"['0.0055', '0.0043'] ","['0.0055', '0.0043'] "
10^-4 ,0.0001 
10^-4 ,0.0001 
10−4 ≤ _Ca_ c ≤ 10−3 ,0.00055 
10−4 ≤ _Ca_ c ≤ 10−3 ,0.00055 
10−4 ≤ _Ca_ c ≤ 10−3 ,0.00055 
10−4 ≤ _Ca_ c≤10−3 ,0.00055 
Ca < 10−2 ,0.005 
10^-4 ,0.0001 
_Ca_ c < 10−2 ,0.005 
10−4 ,0.0001 
"Given, but specific value not provided ",N/A 
Ca ,N/A 
10−4 ,0.0001 
_Ca_ c ,N/A 
10−4 ,0.0001 
10−4 ,0.0001 
10−4 ,0.0001 
_Ca_ c ,N/A 
Ca < 10−2 ,0.005 
Ca = ηV/γ           ,N/A              
'Ca = ηV/γ'     ,'N/A'                      
scales linearly with droplet size in Y-junctions               ,N/A                         
inversely proportional to the square root                      ,N/A                         
various                                                        ,N/A                         
'Ca ≥ 0.02'         ,0.02                        
'Ca<0.015' ,0.0075 
"['0.0017', '0.0021']","[0.0017, 0.0021]            "
'0.0017 to 0.0021'  ,0.0019                      
'0.0205'            ,0.0205                      
'0.0017'            ,0.0017                      
'0.0021'            ,0.0021                      
'0.0017'            ,0.0017                      
'< 10^-2'      ,0.0005                      
'0.05'         ,0.05                        
0.2 ,0.2 
uμ / σ                ,N/A             
uc ηc/σ               ,N/A             
increasing             ,N/A             
varied                 ,N/A             
< 0.01                 ,0.005           
Cac                    ,N/A             
0.0075 ≤ Cac ≤ 0.75    ,0.379           
lower than Caref    ,N/A                        
Cac                 ,N/A                        
Cao                 ,N/A                        
Ca                  ,N/A                        
_Ca_                ,N/A                        
2 orders of magnitude smaller than those of the liquid phase ,N/A 
"['0.0008', '0.009', '0.004', '0.006', '0.04', '0.06'] ","[0.0008, 0.009, 0.004, 0.006, 0.04, 0.06] "
varies              ,N/A                        
['0.006–0.02']      ,[0.013]                    
"['0.0005', '0.001'] ","[0.0005, 0.001]            "
varies              ,N/A                        
low                 ,N/A                        
low-to-moderate  ,N/A              
Ca                  ,N/A                        
~ 0.015        ,0.015                     
high           ,N/A                       
'low'                          ,'N/A'                        
'>0.14 for transformative behavior' ,0.14 
"['0.35% CMC', '0.50% CMC', '0.70% CMC'] ","['N/A', 'N/A', 'N/A'] "
'>0.14' ,0.14 
'0.02 ≤ Ca ≤ 0.65' ,0.335 
low levels report more variance in bubble lengths; high levels minimal influence ,N/A                        
'0.015'                       ,0.015                       
'0.02'                        ,0.02                        
'0.059'                       ,0.059                       
'0.6'                         ,0.6                         
"['0.6', '0.059']              ","[0.6, 0.059]                "
'0.015'                       ,0.015                       
"['0.015', '0.059']            ","[0.015, 0.059]              "
0.015                 ,0.015                
"['0.6', '0.059']      ","[0.6, 0.059]         "
"['0.059', '0.015']    ","[0.059, 0.015]       "
['0.017']             ,[0.017]              
Ca                                           ,N/A                        
Ca                                           ,N/A                        
increases                                    ,N/A                        
"['9 × 10−4', '6.54 × 10−2']                  ","[0.0009, 0.0654]           "
10^-3 to 10                                  ,5.0                        
'≤ 0.1'             ,0.05                       
'large (Ca > 0.1)'  ,0.1                        
'Ca ≤ 0.1'          ,0.05                       
'≤ 0.1' ,0.05 
"['0.00032', '0.15']     ","[0.00032, 0.15]      "
extremely low     ,N/A               
higher in dropping to parallel flow transition ,N/A                        
2.323⋅10-3                           ,0.002323                   
Ca=μVclσ                             ,N/A                        
"increases initially, then decreases at 0.009 s ",N/A 
critical for determining droplet regime    ,N/A              
1                       ,1.0             
0.0134                  ,0.0134          
6.7×10−3                ,0.0067          
"['0.00005', '0.0006']      ","[0.00005, 0.0006]"
'small'              ,'N/A'                      
'_Ca_ 0'             ,'N/A'                      
['7 × 10–3']         ,[0.007]                    
"'1.8 × 10–3, 0.01, 0.03' ","[0.0018, 0.01, 0.03]    "
'1.8 × 10–3'         ,0.0018                     
'_Ca_ 0'             ,'N/A'                      
small          ,N/A                          
0.01           ,0.01                         
0              ,0.0                          
"greater than about 0.02 the effect of changing the contact angle has negligible effects on droplet size, while on the contrary, ... ",0.02                       
"Ca < 10-2, Ca > 10-2                                                                                                               ",N/A                        
"['0.001', '0.002']                                                                                                                 ","[0.001, 0.002]             "
"['Ca<0.01', 'Ca>0.01']                                                                                                             ","[0.005, 0.01]              "
"['< 10^-2', '> 10^-2'] ","['0.00005', '0.0001']       "
\<0.01 for squeezing regime                         ,0.005                      
high                                               ,N/A                        
higher Ca                                          ,N/A                        
lower                                              ,N/A                        
4.7 · 10−5 \< Ca · ϕ \< 8.6 · 10−4                ,4.355E-4                   
low                                                ,N/A                        
"['4.7 · 10−5', '8.6 · 10−4']                       ","[4.7E-5, 8.6E-4]           "
lower                                          ,N/A             
higher Ca                                      ,N/A             
1.5 · 10−4 < Ca · ϕ < 6.1 · 10−4                ,0.000385        
< 0.02         ,0.01            
Ca             ,N/A             
'Ca≤0.1'        ,0.05             
'low'           ,'N/A'            
"['0.0001', '0.1'] ","[0.0001, 0.1] "
"['0.005', '0.01'] ","[0.005, 0.01] "
"['0.0001', '0.0005', '0.001', '0.005', '0.01', '0.05', '0.1'] ","[0.0001, 0.0005, 0.001, 0.005, 0.01, 0.05, 0.1] "
"['0.0001', '0.001'] ","[0.0001, 0.001] "
'0.001' ,0.001 
'0.005' ,0.005 
"['0.001', '0.0001'] ","[0.001, 0.0001] "
'increases from 0.0001 to 0.001' ,0.00055 
"['< 0.005', '> 0.01'] ","[0.0025, 0.01]            "
0.001               ,0.001                      
0.0001 to 0.1       ,0.05005                    
"['0.0001', '0.0005', '0.001'] ","[0.0001, 0.0005, 0.001] "
varies widely       ,N/A                        
has effect          ,N/A                         
"low capillary numbers (Ca⩽0.1), high capillary numbers 0.1⩽Ca⩽1.0 ","[0.05, 0.55] "
0.1⩽Ca⩽1.0 ,0.55 
Ca⩽0.1 ,0.05 
low ,N/A 
low ,N/A 
Ca⩽0.1 ,0.05 
≤0.1 ,0.05 
low ,N/A 
0.2 ,0.2 
0.2 ,0.2 
0.1 to 1.0 ,0.55 
0.1⩽Ca⩽1.0 ,0.55 
0.001 to 0.2 ,0.1005 
"['low (Ca⩽0.1)', 'high (0.1⩽Ca⩽1.0)'] ","[0.05, 0.55] "
"['0.001', '0.005', '0.02'] ","[0.001, 0.005, 0.02] "
0.2                 ,0.2                        
0.2                 ,0.2                        
"['1.575 × 10−3-8.3 × 10−3', '1.02 × 10−2-3.4 × 10−2'] ","[0.0049375, 0.0221] "
'2.323 × 10−3' ,0.002323 
"['1.12 × 10−2−3.4 × 10−2', '7.75 × 10−4−2.32 × 10−3'] ","[0.0226, 0.0015485] "
"['3.4 × 10−2', '1.7 × 10−2', '2.32 × 10−3'] ","[0.034, 0.017, 0.00232] "
'> 1 × 10−2' ,0.01 
'> 1 × 10−2' ,0.01 
1 × 10−4−1 × 10−3   ,5.5e-04                     
> 1 × 10−2          ,1e-02                       
< 1 × 10−2          ,5e-03                       
< 1 × 10−2          ,5e-03                       
μc×2×Uc/σ           ,N/A                        
low                 ,N/A                        
0.005               ,0.005                      
"['0.01', '0.02']    ","[0.01, 0.02]               "
"['0.005', '0.08']   ","[0.005, 0.08]              "
"['0.05', '0.08']    ","[0.05, 0.08]               "
higher              ,N/A                        
𝐶𝑎Ca where jetting occurs ,N/A                    
"['0.005', '0.08'] ","[0.005, 0.08] "
constant; smaller delay with increasing Ca ,N/A 
high ,N/A 
"< 0.024, ≥ 0.024   ","[0.012, 0.024]             "
noted               ,N/A                        
0.3 to 0.353        ,0.3265                     
"['0.267', '0.225']  ","[0.267, 0.225]             "
0.306               ,0.306                      
< 0.02              ,0.01                       
"['0.267', '0.225']  ","[0.267, 0.225]             "
< 0.024             ,0.012                      
0.028 to 0.13       ,0.079                      
0.225               ,0.225                      
0.267               ,0.267                      
0.354               ,0.354                      
0.306               ,0.306                      
Ca                    ,N/A                        
0.015 - 0.074         ,0.0445                     
'Ca'                ,'N/A'                       
'greater than 1.5'  ,1.5                         
'low' ,N/A 
'modified capillary number considering local flow rate at droplet formation site' ,N/A 
"['0.000312', '0.000624', '0.001248', '0.00624', '0.0312'] ","[0.000312, 0.000624, 0.001248, 0.00624, 0.0312] "
'Ca=μ1v1/σ' ,N/A 
'0.00156' ,0.00156 
'0.00156' ,0.00156 
'0.00156' ,0.00156 
'0.000312' ,0.000312 
"['0.000312', '0.00156'] ","[0.000312, 0.00156] "
'0.000312' ,0.000312 
'0.000312' ,0.000312 
'0.000312' ,0.000312 
'0.00312' ,0.00312 
'0.00312' ,0.00312 
"['0.00156', '0.156'] ","[0.00156, 0.156] "
'high' ,N/A 
'high' ,N/A 
"['0.000312', '0.00156'] ","[0.000312, 0.00156] "
"['0.000312', '0.000624', '0.001248', '0.00624', '0.0312'] ","[0.000312, 0.000624, 0.001248, 0.00624, 0.0312] "
'0.00156' ,0.00156 
'0.00156' ,0.00156 
'0.00156' ,0.00156 
'stable' ,'N/A' 
'0.00156' ,0.00156 
"['0.00156', '0.000312'] ","[0.00156, 0.000312] "
'0.00156' ,0.00156 
'low' ,'N/A' 
'0.00232' ,0.00232 
'0.00232' ,0.00232 
'0.0159' ,0.0159 
'0.0159' ,0.0159 
'0.0272' ,0.0272 
'0.0272' ,0.0272 
"['0.0025', '0.014', '0.025'] ","[0.0025, 0.014, 0.025] "
"['0.0025', '0.014', '0.025'] ","[0.0025, 0.014, 0.025] "
'constant' ,'N/A' 
fixed               ,N/A                        
'Ca = μc * Uc / σ' ,'N/A' 
'0.07' ,0.07 
"'>0.1, approximately 0.018' ",0.1 
'Ca=μL USL / σ' ,'N/A' 
'increasing' ,'N/A' 
"['6 ⋅ 10− 4', '1.33 ⋅ 10− 2'] ","[0.0006, 0.0133] "
'several' ,'N/A' 
'7.4 − 13.3 ⋅ 10− 3' ,0.01035 
'4.4 x 10^-3' ,0.0044 
'C_a' ,'N/A' 
"['0.0006', '0.0118'] ","[0.0006, 0.0118] "
'low' ,'N/A' 
'8.8 − 10.3 ⋅ 10− 3' ,0.00955 
"['1.5 ⋅ 10− 3', '4.4 ⋅ 10− 3'] ","[0.0015, 0.0044] "
'1.5 ⋅ 10−3' ,0.0015 
'0.0044' ,0.0044 
"['1.5 ⋅ 10−3', '4.4 ⋅ 10−3'] ","[0.0015, 0.0044] "
"['1.5 ⋅ 10−3', '4.4 ⋅ 10−3'] ","[0.0015, 0.0044] "
'4.4 ⋅ 10− 3' ,0.0044 
"['1.5 ⋅ 10− 3', '4.4 ⋅ 10− 3'] ","[0.0015, 0.0044] "
'4.4 ⋅ 10− 3' ,0.0044 
'4.4 ⋅ 10−3' ,0.0044 
'4.4 ⋅ 10−3' ,0.0044 
'4.4 ⋅ 10− 3' ,0.0044 
'0.002' ,0.002 
"['1.5 x 10^-3', '5.9 x 10^-3'] ","[0.0015, 0.0059] "
'0.6 − 1.5 ⋅ 10− 3' ,0.00105 
'Ca=μcpucpσ=RWeλRe' ,'N/A' 
'0.004' ,0.004 
'0.004' ,0.004 
'Ca = 0.008' ,0.008 
'0.008' ,0.008 
'0.004-0.04' ,0.022 
'high' ,'N/A' 
'0.004' ,0.004 
"['0.004', '0.04'] ","[0.004, 0.04] "
"['0.004', '0.008', '0.016', '0.04'] ","[0.004, 0.008, 0.016, 0.04] "
"['0.004', '0.008', '0.016', '0.04'] ","[0.004, 0.008, 0.016, 0.04] "
<= 0.1              ,0.05                        
<0.01 ,0.005 
< 0.01 ,0.005 
< 0.01 ,0.005 
< 0.01 ,0.005 
"['< 0.01', '0.0082']    ","['0.005', '0.0082'] "
0.0004–0.04         ,0.0202                     
'Ca = µc uc/σ' ,'N/A' 
'relatively high in jetting-shearing regime; low in dripping-squeezing regime' ,'N/A' 
'~0.002' ,0.002 
'~0.002' ,0.002 
'~0.002' ,0.002 
Ca < Cac (related to 𝐿−=1.13−0.54𝑙𝑜𝑔(𝐶𝑎)) ,N/A 
Ca > Cac (related to 𝐿−=−15.54−13.62𝑙𝑜𝑔(𝐶𝑎)−2.56𝑙𝑜𝑔2(𝐶𝑎) for λ = 4.21) ,N/A 
Ca > Cac (related to 𝐿−=−18.85−15.05𝑙𝑜𝑔(𝐶𝑎)−2.64𝑙𝑜𝑔2(𝐶𝑎) for λ = 3.00) ,N/A 
Ca > Cac (related to 𝐿−=−22.26−16.81𝑙𝑜𝑔(𝐶𝑎)−2.84𝑙𝑜𝑔2(𝐶𝑎) for λ = 1.00) ,N/A 
Ca=Ucνc/σ           ,N/A                         
_Ca_                ,N/A                         
0.035               ,0.035                       
0.4                 ,0.4                        
Ca                  ,N/A                        
1 × 10–3–10–5          ,0.00005                    
0.01                   ,0.01                       
Cac                    ,N/A                        
0.05                   ,0.05            
<0.01                  ,0.005           
< 0.01                 ,0.005           
<0.01                  ,0.005           
Ca < 0.01              ,0.005           
low                 ,N/A                        
'0.00075 to 0.30'   ,0.150375                   
'ucμc/σ'            ,'N/A'                      
'Increases'         ,'N/A'                      
'Caor(c) = μcuor(c)/σ' ,'N/A'                  
'decreases with the decrease in Cac' ,'N/A'    
'Cac'               ,'N/A'                      
'Cac'               ,'N/A'                      
'Cac'               ,'N/A'                      
"['0.2', '0.4', '0.6'] ","['0.2', '0.4', '0.6'] "
Ca ,N/A 
0.05 ,0.05 
"['Varying', 'Smaller reduction with increase in capillary number'] ","['N/A', 'N/A'] "
μlUl/σl ,N/A 
Ca                  ,N/A                        
0.09                ,0.09                        
'0.00185–0.00556' ,0.003705 
'0.00556' ,0.00556 
'0.00333' ,0.00333 
'0.00333' ,0.00333 
'0.00556' ,0.00556 
'0.00556' ,0.00556 
'0.00185–0.00556' ,0.003705 
"'high capillary number, low capillary number' ",'N/A' 
'0.0108'            ,0.0108                     
'0.00333'           ,0.00333                    
"['0.00556', '0.00185'] ","[0.00556, 0.00185]        "
0.003               ,0.003                      
related to the thickness of liquid film ,N/A 
low                 ,N/A                        
Ca = μC × vC / γCD  ,N/A                         
μC×vC/γCD           ,N/A                         
Ca                  ,N/A                         
Ca                  ,N/A                         
"['0.02', '>0.02', 'near 0.2', '0.2', '0.24'] ","['0.02', '0.02', '0.2', '0.2', '0.24'] "
>0.02               ,0.02                        
0.2                 ,0.2                         
0.1-0.2             ,0.15                        
>0.015              ,0.015                       
0.001 to 0.1        ,0.0505                      
<0.01-0.015         ,0.0125                      
>0.01-0.015         ,0.0125                      
low Ca values       ,N/A                         
0.005 to 1          ,0.5025                      
Ca                  ,N/A                         
Ca                  ,N/A                         
Ca                  ,N/A                         
Ca                  ,N/A                         
Ca                  ,N/A                         
(μC × vC / γCD)     ,N/A                         
'0.02'              ,0.02                       
"['0.2', '0.24']     ","[0.2, 0.24]                "
'higher Ca regime' ,'N/A' 
'Ca=μCUC/γ=μCQC/γHW' ,'N/A' 
'Ca' ,'N/A' 
'7×10-6 - 5×10-3' ,0.0000025 
'Ca' ,'N/A' 
'Ca' ,'N/A' 
'Ca' ,'N/A' 
'Ca' ,'N/A' 
'Ca >10−3' ,0.001 
'vanishing values' ,'N/A' 
'1.38×10-4' ,0.000138 
'Ca' ,'N/A' 
'Ca' ,'N/A' 
'various' ,'N/A' 
'11.25Ca-0.13-4.91' ,'N/A' 
'Ca-1' ,'N/A' 
'Ca-1' ,'N/A' 
'Ca' ,'N/A' 
'low' ,'N/A' 
'low Ca' ,'N/A' 
1.70×10−3                                    ,0.0017                      
1.1 · 10−4                                   ,0.00011                     
Ca_TP=9.0                                    ,9.0                         
Ca_c =7.0                                    ,7.0                         
Ca_d= 2.28                                   ,2.28                        
0.03-0.2                                     ,0.115                       
0.001 < _Ca_ TP < 0.05                       ,0.0255                      
0.025 to 3                                   ,1.5125                      
Ca > 0.001                                   ,0.001                       
≥0.01                                        ,0.01                        
Ca < 0.001                                   ,0.0005                      
≤0.01                                        ,0.005                       
"['1.70×10−3', '0.03-0.2']                    ","[0.0017, 0.115]            "
''                                           ,'N/A'                       
'irrelevant text'                           ,'N/A'                       
"['0.0105', '0.042'] ","['0.0105', '0.042']         "
'Ca'           ,'N/A'                      
Ca                ,N/A             
'Ca0 = ηc(Qc + Qd)/(γ(ncoll1h))' ,'N/A' 
'0.001 to 0.1' ,0.0505 
'< 0.005' ,0.0025 
'0.005-0.02' ,0.0125 
'> 0.03' ,0.03 
'0.02-0.03' ,0.025 
'> 0.03' ,0.03 
'0.005-0.02' ,0.0125 
'0.22' ,0.22 
0.036            ,0.036           
0.0003–0.7       ,0.35015         
< 0.05           ,0.025           
low                 ,N/A                         
'∼0.06' ,0.06 
"'> ∼10−2 in dripping regime, < ∼10−2 in squeezing regime' ","[0.01, 0.005] "
"['0.21', '0.27', '0.20', '0.30'] ","[0.21, 0.27, 0.20, 0.30] "
"['0.004', '0.016']         ","[0.004, 0.016]              "
'<0.01'                    ,0.005                       
"'0.0079, 0.0099'           ","[0.0079, 0.0099]            "
'0.004 < _Ca_ < 0.016'     ,0.01                        
0.001 to 0.500        ,0.2505                     
(μυ)/γ                ,N/A                        
varied                ,N/A                        
"['≤ 0.002', '0.01 < Ca < 0.04']      ","[0.001, 0.025]               "
μU/σ           ,N/A                         
5 × 10−6 < Ca <5 × 10−3         ,0.00005                   
10−4–10−2           ,0.00055                    
"['10−4–10−3', '10−3–10−2'] ","[0.00055, 0.0055] "
"['6.96 × 10−4', '1.4 × 10−2'] ","[0.000696, 0.014] "
"['6.965 × 10−4', '1.042 × 10−2'] ","[0.0006965, 0.01042] "
"['6.96 × 10−4', '1.04 × 10−2'] ","[0.000696, 0.0104] "
Ca             ,N/A                        
Ca             ,N/A                        
increases      ,N/A                        
'0.0043'                                                             ,0.0043                     
'0.0043'                                                             ,0.0043                     
"['0.0015', '0.0043', '0.0322', '0.049', '0.0725']                  ","[0.0015, 0.0043, 0.0322, 0.049, 0.0725]     "
'0.0015'                                                             ,0.0015                     
'0.0015'                                                             ,0.0015                     
'0.0015'                                                             ,0.0015                     
'0.0043'                                                             ,0.0043                     
"['0.0015', '0.0043']                                                ","[0.0015, 0.0043]            "
'low Ca'                                                             ,'N/A'                      
"['0.0015', '0.0043']                                                ","[0.0015, 0.0043]            "
'0.0322'                                                             ,0.0322                     
'0.0322'                                                             ,0.0322                     
'0.049'                                                              ,0.049                      
'0.0322'                                                             ,0.0322                     
'0.049'                                                              ,0.049                      
'small'                                                              ,'N/A'                      
2.87 × 10−5 to 1.72 × 10−4            ,9.255 × 10−5    
160°                                  ,N/A             
160°                                  ,N/A             
'Ca=μcvc/γ'             ,N/A                        
'0.005'                 ,0.005                      
'0.005'                 ,0.005                      
'0.002'                 ,0.002                      
'0.01'                  ,0.01                       
'0.056'                 ,0.056                      
'0.01'                  ,0.01                       
"['0.002', '0.056']      ","[0.002, 0.056]             "
"list of different capillary number based on the angle, flow rate ratio, and channel dimensions ",N/A                         
increases with gas dimensionless pressure; decreases with liquid viscosity          ,N/A                         
"['0.013', '0.055'] ","[0.013, 0.055] "
'0.013 to 0.055' ,0.034 
0.01                ,0.01             
Ca                  ,N/A              
0.039–0.32          ,0.1795           
"FF, T               ",N/A              
'Ca' ,'N/A' 
'not influenced by the intersection angle θ' ,'N/A' 
Cac                 ,N/A             
defined             ,N/A                         
Cad = μd Ud/ σ      ,N/A                         
close to one        ,N/A                         
close to one        ,N/A                         
Ca_c                                                                  ,N/A                       
increases                                                             ,N/A                       
['variable; depends on capillary number (_ζCa_c0.65)']                ,['N/A']                  
low                                                                   ,N/A                       
2 × 10−5 to 2 × 10−4                                                  ,0.0001                    
0.001 < Ca < 0.03                                                     ,0.0155                    
Ca_d                ,2.28                       
low                 ,N/A                        
-                   ,N/A                         
high                ,N/A                         
"['0.0021', '0.0037']","[0.0021, 0.0037]            "
< 0.01              ,0.005                       
'0.075 < Ca < 0.67' ,0.3725 
"['9.5 × 10–4 < Ca < 1.9', '1 × 10–3 < Ca < 1.4', 'Ca < 0.003', '2 × 10–3 > Ca < 0.011', '5 × 10–6 < Ca < 2.7 × 10–4', '7.5 × 10–5 < Ca < 0.01'] ","[0.9505, 0.7005, 0.0015, 0.0065, 0.000135, 0.0050375] "
'associated with film thickness' ,'N/A' 
'0.075 < Ca < 0.67' ,0.3725 
'0.075 < Ca < 0.67' ,0.3725 
"['0.017', '0.034'] ","[0.017, 0.034] "
0.001 < Ca TP < 0.05 ,0.0255 
0.001 < Ca_TP < 0.05 ,0.0255 
0.001 < Ca_TP < 0.05 ,0.0255 
0.001 < Ca TP < 0.05 ,0.0255 
"['1.4 x 10^-4', '0.64'] ","[0.00014, 0.64] "
'Ca = uc μc / γ'                  ,'N/A'                     
'Ca'                              ,'N/A'                     
'altered by changing velocity'    ,'N/A'                     
'0.0055'                          ,0.0055                    
'0.0055'                          ,0.0055                    
'0.031'                           ,0.031                     
"['0.019', '0.003']                ","[0.019, 0.003]            "
'0.019'                           ,0.019                     
'0.011'                           ,0.011                     
'0.009'                           ,0.009                     
'0.003'                           ,0.003                     
'0.013 < Ca < 0.02'               ,0.0165                    
'0.017'                           ,0.017                     
'0.009 to 0.013'                  ,0.011                     
"['0.05', '0.1', '0.056']          ","[0.05, 0.1, 0.056]        "
'0.055'                           ,0.055                     
'0.1'                             ,0.1                       
'0.1'                             ,0.1                       
'0.056'                           ,0.056                     
"['0.019', '0.011', '0.009', '0.013', '0.05', '0.1'] ","[0.019, 0.011, 0.009, 0.013, 0.05, 0.1] "
"Multiple values ranging from <0.02, involving three regimes (squeezing, dripping, transition), to larger values leading to jetting and parallel flow ",0.01 
0.009 to 0.013 ,0.011 
Ca                              ,N/A                          
0.019                           ,0.019                        
"['0.01', '0.02', '0.03']        ","[0.01, 0.02, 0.03]           "
"['0.01', '0.02', '0.03']        ","[0.01, 0.02, 0.03]           "
"0.03, 0.006                     ",0.018                        
"['0.006', '0.01', '0.02', '0.03']","[0.006, 0.01, 0.02, 0.03]    "
"['0.08', '0.01']                ","[0.08, 0.01]                 "
low                             ,N/A                          
['0.02']                        ,[0.02]                       
'0.01'              ,0.01                       
'0.0028-0.02'                  ,0.0114                      
"['0.0028', '0.02']             ","[0.0028, 0.02]              "
"['0.0028', '0.008', '0.02']    ","[0.0028, 0.008, 0.02]       "
Ca= μ_c v_c/ σ               ,N/A                         
0.5                          ,0.5                         
increasing                   ,N/A                         
low (<10^-2 to ∼0.1)         ,0.00505                     
high                         ,N/A                         
high                         ,N/A                         
low                          ,N/A                         
"['medium', '0 (10^-1)'] ","['N/A', 0.0] "
'varies' ,'N/A' 
'low' ,'N/A' 
varies                        ,N/A             
"['0.03', '0.17']              ","['0.03', '0.17']"
"['0.034', '0.17']             ","['0.034', '0.17']"
0.17                          ,0.17            
0.17                          ,0.17            
change in the capillary number ,N/A 
list ,N/A 
Ca<10−2         ,0.005                      
Ca>10−2         ,0.01                       
<0.01           ,0.005                      
low             ,N/A                        
low             ,N/A                        
Cac=μUcγ        ,N/A                        
Cad=μUdγ            ,N/A                        
0.01                        ,0.01                       
0.0125                      ,0.0125                     
0.05                        ,0.05                       
"['0.0005', '0.001', '0.002']","[0.0005, 0.001, 0.002]     "
0.02                        ,0.02                       
"0.01, 0.02                  ",0.015                      
0.01                        ,0.01                       
"['0.01', '0.025', '0.05']   ","[0.01, 0.025, 0.05]        "
0.001                       ,0.001                      
0.01                        ,0.01                       
0.001                       ,0.001                      
0.01                        ,0.01                       
constant                    ,N/A                        
"['0.02', '0.04', '0.05', '0.06'] ","[0.02, 0.04, 0.05, 0.06] "
0.01                        ,0.01                       
0.01                        ,0.01                       
0.01                        ,0.01                       
"0.02, 0.04, 0.05            ",0.036667                   
"['0.025', '0.05'] ","[0.025, 0.05] "
"['0.0002', '0.0004', '0.0008'] ","[0.0002, 0.0004, 0.0008] "
'0.1' ,0.1 
'0.02' ,0.02 
'0.01' ,0.01 
"['≤ 0.04', '> 0.04', '≥ 0.02'] ","[0.02, 0.04, 0.02] "
'0.01<Ca<0.3' ,0.155 
'0.002<Ca<0.01' ,0.006 
'10^-4 < Ca < 0.0058' ,0.0029 
'0.013<Ca<0.1' ,0.0565 
'0.0058 to 0.013' ,0.0094 
'based on the superficial velocity of the liquid phase' ,'N/A' 
'>0.2' ,0.2 
'0.0048' ,0.0048 
'Ca' ,'N/A' 
'_Ca_' ,'N/A' 
Observed to be reversely proportional to the size of droplets ,N/A 
<0.002 ,0.001 
Ca ,N/A 
0.01 to 0.2 ,0.105 
Ca ,N/A 
liquid phase ,N/A 
'< 10-2'            ,0.005                      
'0.21'              ,0.21                       
'9.3 × 10–3'        ,0.0093                     
"['0.00356', '0.00640', '0.00925'] ","[0.00356, 0.00640, 0.00925] "
'< 10–2'            ,0.005                      
'9.3 × 10–3'        ,0.0093                     
Ca                  ,N/A                        
<10−2               ,0.005                       
≥2×10−2             ,0.02                        
2.5×10−6 to 1.3×10−2 ,0.006500125                 
≤10−2               ,0.005                       
weak                ,N/A                         
Ca1=ηU1/γL          ,N/A                         
"<0.01, >1           ","[0.005, 1]                  "
higher for soybean oil ,N/A                     
_Ca_ c              ,N/A                         
"['0.002-0.03', '0.17-0.75'] ","[0.016, 0.46]       "
0.1                 ,0.1                         
observed            ,N/A                         
high                ,N/A                         
"['0.1', '0.85']                             ","[0.1, 0.85]             "
"['0.37', '0.64']                            ","[0.37, 0.64]            "
0.005                                                           ,0.005                                                   
"['0.017', '0.011', '0.008', '0.006', '0.005', '0.151', '0.095', '0.068', '0.054', '0.044']                                                          ","[0.017, 0.011, 0.008, 0.006, 0.005, 0.151, 0.095, 0.068, 0.054, 0.044]         "
"['0.006–0.0146', '0.0132–0.0297', '0.0269–0.0606', '0.03847–0.0865', '0.0549–0.1235']                           ","[0.0103, 0.02145, 0.04375, 0.062485, 0.0892]            "
"['0.0052', '0.01796', '0.0106', '0.0365', '0.0217', '0.0745', '0.0310', '0.1063', '0.0443', '0.1518']            ","[0.0052, 0.01796, 0.0106, 0.0365, 0.0217, 0.0745, 0.031, 0.1063, 0.0443, 0.1518] "
"['0.001–0.0124', '0.0015–0.0267', '0.0024–0.0575', '0.003–0.0843', '0.0038–0.1236']                              ","[0.0067, 0.0141, 0.03, 0.04365, 0.0637]                "
"Ca_d=0.001, 0.01, 0.1             ","[0.001, 0.01, 0.1]           "
μcuc/γ                                       ,N/A                         
"['0.608~114.85', '8.0 × 10−5~0.05']          ","[57.729, 0.025004]          "
1.6 × 10−4 < Ca < 3.0 × 10−3                 ,0.00158                     
Ca                                           ,N/A                         
Ca>1·5×10-3                                  ,0.0015                      
Ca                                           ,N/A                         
Ca                                           ,N/A                         
Ca                     ,N/A             
< 1.5 × 10−3           ,7.5e-4          
0.05                                          ,0.05                   
0.05                                          ,0.05                   
Cac=QcSσiμc                                 ,N/A                    
Newtonian and non-Newtonian                 ,N/A                    
Ca c                                        ,N/A                    
Ca c                                        ,N/A                    
low                                         ,N/A                    
Ca c                                        ,N/A                    
increasing                                  ,N/A                    
C                                           ,N/A                    
C                                           ,N/A                    
Ca_c                                        ,N/A                    
low                                         ,N/A                    
increased when surfactant is mixed to water ,N/A                    
Ca c                                        ,N/A                    
increase                                    ,N/A                    
_Ca c_                                      ,N/A                    
Ca c                                        ,N/A                    
low                                         ,N/A                    
low                                         ,N/A                    
low                                         ,N/A                    
_Ca c_                                      ,N/A                    
_Ca c_                                      ,N/A                    
low                                         ,N/A                    
"['0.00012 < Ca < 0.0019', '0.0008 < Ca < 0.008', '0.009 < Ca < 0.034', '0.037 < Ca < 0.129'] ","['0.001006', '0.0044', '0.0215', '0.083'] "
Cad=QdSσiμd=αλCac ,N/A                        
Cad            ,N/A                        
Ca d           ,N/A                        
not constant   ,N/A                        
"['0.00006 < Cad < 0.039', '0.00014 < Cad < 0.09', '0.000014 < Cad < 0.023', '0.00006 < Cad < 0.05'] ","[0.01953, 0.04507, 0.011507, 0.02503] "
capillary number              ,N/A                
Ca                            ,N/A                
0.034                         ,0.034              
0.0069≤Ca≤0.0343              ,0.0206             
high and low                        ,N/A             
high           ,N/A                        
high           ,N/A                        
increases with viscosity ,N/A              
higher for slug-drop flow transition ,N/A 
CaTP           ,N/A                        
"['0.054', '0.11', '0.21', '0.43'] ","[0.054, 0.11, 0.21, 0.43] "
CaTP           ,N/A                        
CaTP           ,N/A                        
Cac            ,N/A                        
low            ,N/A                        
high CaTP      ,N/A                        
0.0086         ,0.0086                     
0.0127         ,0.0127                     
high Ca        ,N/A                        
low Ca         ,N/A                        
high           ,N/A                        
high           ,N/A                        
low            ,N/A                        
"['0.08≤Ca≤0.16', '0.053≤Ca≤0.107'] ","[0.12, 0.08] "
increases      ,N/A                        
0.006<Cac<0.054 ,0.03                      
CaTP           ,N/A                        
smaller leads to earlier transition from squeezing to dripping             ,N/A                          
high (CaD<0.03)                                                            ,0.015                        
CaTP                                                                       ,N/A                          
<0.12                                                                      ,0.06                         
CaD                                                                        ,N/A                          
Ca=ηU/γL                                            ,N/A                   
>=2x10^-2                                           ,0.02                  
10−4≤ _Ca_ ≤10−2                                    ,0.00505               
≥2×10−2                                             ,0.02                  
Ca1                                                 ,N/A                   
low                                                 ,N/A                   
inversely proportional to bubble size               ,N/A                   
Ca_1                                                ,N/A                   
10^{-5}<Ca<10^{-2}                                  ,0.000505              
higher Ca                                           ,N/A                   
2.2(Ca⁎)2/31+3.4(Ca⁎)2/3                            ,N/A                   
"['10−4', '1']                                       ","[0.0001, 1]           "
1.9×10−1                                            ,0.19                  
10^-4 to 10^-2            ,0.001            
Ca1                       ,N/A              
ηUb/γL                    ,N/A              
varied                    ,N/A             
0.11                      ,0.11            
below 0.3-0.4             ,0.35            
Ca = μU/σ                 ,N/A             
> 0.4                     ,0.4             
varied                                  ,N/A             
0.3–0.4 as a transition threshold       ,0.35            
_Ca c_                                        ,N/A                       
± 5.3%                                        ,N/A                       
≤ 0.02                                        ,0.01                      
low values                                    ,N/A                       
"['0.0016', '0.02']                            ","[0.0016, 0.02]            "
Ca c                                          ,N/A                       
low                                           ,N/A                       
low                                           ,N/A                       
<0.01                                         ,0.005                     
Ca c                                          ,N/A                       
_Ca c_                                        ,N/A                       
Ca c                                          ,N/A                       
_Ca c_                                        ,N/A                       
low                                           ,N/A                       
< 0.01                                        ,0.005                     
< 0.008                                       ,0.004                     
< 0.02                                        ,0.01                      
"['0.006 < Ca c < 0.02', 'Ca c < 0.01']        ","[0.013, 0.005]            "
< 0.02                                        ,0.01                      
< 0.02                                        ,0.01                      
_Ca d_                          ,N/A                        
low                             ,N/A                        
Ca=ρcνcQcσwch  ,N/A                        
"['0.002', '0.0125', '0.056'] ","[0.002, 0.0125, 0.056] "
0.004          ,0.004                      
low            ,N/A                        
0.004          ,0.004                      
0.002 to 0.2   ,0.101                      
"['0.002', '0.0125', '0.056'] ","[0.002, 0.0125, 0.056] "
"['0.002', '0.0125', '0.056'] ","[0.002, 0.0125, 0.056] "
0.002 to 0.056 ,0.029                      
critical values varied with channel width ratio ,N/A 
"0.002, 0.0125, 0.056 ","[0.002, 0.0125, 0.056] "
"['0.112', '0.154', '0.192'] ","[0.112, 0.154, 0.192] "
"['0.112', '0.154', '0.192'] ","[0.112, 0.154, 0.192] "
0.0033         ,0.0033                     
0.0033         ,0.0033                     
0.0033         ,0.0033                     
0.0033         ,0.0033                     
0.0033         ,0.0033                     
0.04           ,0.04                       
0.04           ,0.04                       
0.04           ,0.04                       
0.04           ,0.04                       
0.04           ,0.04                       
"0.0033, 0.04   ","[0.0033, 0.04]             "
"['0.0033', '0.04'] ","[0.0033, 0.04]             "
"['0.0033', '0.04'] ","[0.0033, 0.04]             "
"['0.0033', '0.04'] ","[0.0033, 0.04]             "
"['0.0033', '0.04'] ","[0.0033, 0.04]             "
"['0.0033', '0.04'] ","[0.0033, 0.04]             "
0.0033         ,0.0033                     
0.0033         ,0.0033                     
"['0.0033', '0.04'] ","[0.0033, 0.04]             "
"['0.0033', '0.04'] ","[0.0033, 0.04]             "
0.01 for symmetric T-junction ,0.01                       
